Transition,Control,Test
start_to_step_1,64.306905,52.481851
step_1_to_step_2,50.576086,76.060627
step_2_to_step_3,110.146508,107.843462
step_3_to_confirm,168.500918,143.410847
